{"cameraMode":{"drawMode":0,"name":"Shaded","section":"Shading Mode"},"sceneLighting":true,"audioPlay":false,"sceneViewState":{"showFog":true,"showMaterialUpdate":false,"showSkybox":true,"showFlares":true,"showImageEffects":true,"showParticleSystems":true},"in2DMode":false,"pivot":{"x":10.171998977661133,"y":-2.221485137939453,"z":-1.9537063837051392},"rotation":{"x":0.0653906762599945,"y":0.13014362752437592,"z":-0.008601412177085877,"w":0.9893269538879395},"size":12.837102890014649,"orthographic":true}